[
  {
    "id": -1566523850559092236,
    "Name": "kenaefe",
    "contact": "64655",
    "email": "12213",
    "relation": "krlwf"
  },
  {
    "id": -1963063269496231749,
    "Name": "qweqw",
    "contact": "qwewq",
    "email": "eqwewq",
    "relation": "er"
  },
  {
    "id": 6233463183041455397,
    "Name": "kedhar",
    "contact": "4556600",
    "email": "ked@gmail.com",
    "relation": "friend"
  },
  {
    "id": 4967488125209977320,
    "Name": "sam",
    "contact": "475136",
    "email": "sam@gmail.com",
    "relation": "friend"
  }
]